id;firstname;surname;age;maritalStatus;income
12291311668;Fani;Raziya;98;D;low
12291342987;Philippa;Ismail;60;S;avg
12291345627;Ntombizodwa;Kauta;84;D;avg
12291352415;Lerato;Mthembu;44;M;high
12291353656;Liezl;Motimele;18;S;low
12291354568;Lesego;Mtati;21;S;low
12291354652;Jan;Orford;81;W;avg
12291358644;Ovayo;Johnson;86;S;low
12291367985;Nonhle;Killingbeck;88;S;low
12291368614;Nqobile;Kharuchas;45;D;high
12291380198;Zoe-lee;Abdallah;53;S;avg
12291402460;Ziyanda;Abdurahman;69;M;high
12291410789;Ziyaad;Abdurahman;72;M;avg
12291417631;Mogamad;Mashiloane;90;D;low
12291420330;Kgothalang;Naidoo;50;D;avg
12291429837;Igor;Pienaar;69;S;avg
12291443367;Witt Nove;Bae;68;M;avg
12291444313;Craig;Siame;43;S;avg
12291446544;Joandi;Noor Mahomed;82;M;avg
12291455089;Thandi;Charleston;38;S;avg
12291457484;Ntombenhle;Keswa;29;M;low
12291457812;Nomonde;Kloppers;39;W;avg
12291461483;Stacey;Deyi;79;D;avg
12291465360;Nompumelelo;Kirykowicz;26;D;low
12291466656;Tansy;Damon;25;M;low
12291478219;Ching-pin;Smith;33;S;avg
12291489288;Nokuphiwa;Kubheka;52;M;avg
12291493651;Deborah;Sebyatika;42;S;high
12291498102;Wesson;Balkaran;44;D;avg
12291499131;Lethukuthula;Mphuthi;55;M;avg
12291500715;Fazlin;Rawoot;42;M;avg
12291503440;Ming;Mathebula;17;S;low
12291517344;Ibtishaam;Pietersen;87;M;low
12291550158;Yonela;Allie;51;D;avg
12291556215;Donald;Samsodien;17;S;low
12291556715;Ntsieni;Kauluma;23;D;low
12291568131;Odwa;Kapiye;63;S;avg
12291577036;Philippa;Isaac;76;D;avg
12291577109;Londeka;Moritz;71;M;avg
12291597079;Nontokozo;Khumalo;53;D;avg
12291630474;Tsakani;Brandsen;61;S;avg
12291664640;Lucienne;Mongi;73;M;avg
12291691516;Luca;Monteith;99;D;low
12291693830;Simesha;Ellahebokus;44;S;low
12291695879;Nomfundo;Koen;32;M;avg
12291701927;Nokuzola;Kruyer;43;S;avg
12291710675;Nokhanyo;Lagardien;74;D;avg
12291712909;Nozipho;Khosa;44;S;high
12291718090;Dong-yeop;Samodien;22;M;low
12291718114;Pauline;Jakoet;38;S;high
12291723038;George;Ramnund;96;S;low
12291726857;Siyabona;Dlamini;44;S;low
12291727647;Shivani;Fitchett;66;S;avg
12291728841;Robert;Haffejee;25;M;low
12291738730;Wendy;Baloyi;28;S;low
12291743683;Wasiim;Balutto;35;S;avg
12291748386;Gabisile;Raophala;26;D;low
12291752771;Dumisane;Sadruddin;35;W;avg
12291754831;Taahirah;De Andrade;94;M;low
12291783510;Karshan;Ndlovu;92;M;low
12291801491;Nomova;Klazinga;28;D;low
12291822831;Luke;Moleme;99;S;low
12291827142;Kholofelo;Naidoo;75;M;high
12291827295;Chileshe;Snelling;57;M;high
12291831880;Cherozanne;Soeker;91;M;low
12291837916;Ismail;Pereira;59;S;avg
12291840250;Rivajh;Hands;85;D;avg
12291845552;Glenda;Ramdhani;89;D;low
12291850270;Mncedi;Masinga;17;S;low
12291851814;Luzuko;Mokhampanyane;51;M;avg
12291855658;Leshana;Mpye;37;D;avg
12291855672;Marc;Mngadi;38;M;avg
12291856257;Olga;Kane;44;W;avg
12291857935;Simbarashe;Emslie;88;M;low
12291858195;Liam;Mpande;87;S;low
12291863840;Sandile;Gounden;23;S;low
12291871437;Kathleen;Ndaza;50;M;high
12291875682;Daniel;Shin;80;S;high
12291876423;Daniel;Shokry;89;M;low
12291877579;Daniaal;Shongwe;96;M;low
12291878414;Pamela;Jhilmeet;73;D;avg
12291878423;Twabwike;Bingham;37;M;avg
12291892914;Ryan;Grobler;42;D;avg
12291895289;Sameeha;Govender;74;M;high
12291895876;Jocelyn;Nofingxana;50;S;high
12291896356;Elizabeth;S;22;M;low
12292089100;Dineo;Sattary;40;S;high
12292217148;Zaahir;Alladeen;30;M;low
12292324454;Sibongile;Ferreira;71;M;high
12292337330;Khomotso;Naidoo;40;S;avg
12292377976;Sakhekile;Gqebe;79;S;avg
12292437834;Terryn-Lee;Clamp;68;M;avg
12292462405;Josue;Nkhoma;30;M;low
12292482093;Shaka;Fredericks;46;M;high
12292507278;Trevor;Bremer;81;M;high
12292668961;Christine;Sloji;38;M;high
12292711048;Cimone;Sithole;47;S;avg
12292765590;Danika;Shiburi;94;D;low
12292777573;Jason;Oji;32;W;high
12292799697;Katie;Ndaba;43;S;avg
12292801070;Craig;Siame;76;W;avg
12292806957;Darissa;Shaw;92;M;low
12292821661;Julia;Ngwenya;63;S;avg
12292874247;Nolwazi;Koti;39;D;avg
12292934044;Nomagugu;Koopowitz;48;D;avg
12292994818;Yonela;Allie;69;D;avg
12293009929;Siyabonga;Dlamini;82;S;avg
12293062188;Plumstead;Hsu;53;S;avg
12293098213;Reabetswe;Higgins;24;D;low
12293116443;Jacqueline;Patterson;98;M;low
12293122612;Nuraan;Kashiram;46;M;avg
12293122834;Prelude;Hoosain;33;M;high
12293156964;Leila;Mthethwa;55;D;high
12293161728;Lesego;Msibi;75;W;avg
12293174253;Aneesah;Vlantis;27;M;low
12293229164;Nomvelo;Kipanga;91;M;low
12293233425;Ntsikelelo;Kau;63;D;avg
12293255189;Stephen;De Vos;65;S;avg
12293287098;Rafeeqah;Hlatshwayo;29;M;low
12293288230;Naomi;Madhav;44;M;high
12293302760;Kealin;Ncana;20;S;low
12293401747;Kelly;Naidu;66;M;avg
12293407456;Jenna;Nzima;44;M;high
12293440600;Thandeka;Cheng;87;M;low
12293471185;Oliver;Kaisara;15;S;low
12293477677;Buyisiwe;Taljaard;52;S;high
12293496958;Siphesihle;Doubell;75;D;avg
12293508525;Ra'eesa;Hlatshwayo;35;M;high
12293508928;Erica;Rickerts;49;W;avg
12293512812;Xolile;Arunkumar;51;D;high
12293514245;Dean;Seretho;44;M;avg
12293519582;Yusra;Alletzhauser;52;M;avg
12293529619;Sipho;Domingo;43;D;avg
12293540408;Monwabisi;Mapuza;81;S;high
12293544104;Thaakira;Chiweshe;44;S;high
12293553739;Carla;Stevenson;51;M;avg
12293555719;outh Africa;Johnstone;44;S;avg
12293558266;Precious;Hoosain;18;S;low
12293567972;Ntswaki;Kau;31;M;avg
12293570805;Siyabonga;Dlamini;81;D;avg
12293573570;Sintu;Dramat;44;W;high
12293576957;Nompumelelo;Kirkby;44;M;high
12293577316;Nokulunga;Kubheka;49;M;high
12293577391;Sphiwe;Dhar;92;D;low
12293585990;Jahaan;Papa;24;D;low
12293592292;Goitseone;Ramakar;82;M;high
12293595047;Sibusiso;Falala;59;D;avg
12293596400;Kathryn;Ndabankulu;67;M;avg
12293601079;Zaheer;Aitchison;44;S;high
12293603144;Zakhele;Africa;57;D;avg
12293614057;Marakeng;Mngoma;93;D;low
12293623082;Karli;Ndlovu;51;M;avg
12293634727;Ookame;Josiah;38;M;high
12293649914;Jared;Oosthuizen;44;M;low
12293670691;Nonkululeko;Khuzwayo;44;W;low
12293698694;Josia;Nkoana;50;D;avg
12293701586;Phenyo;Jackson;37;M;avg
12293705352;Keemath;Naroth;42;M;high
12293731697;Hulisani;Pillay;40;D;avg
12293762059;Kelebogile;Naik;91;M;low
12293768818;Tshepo;Borain;27;M;low
12293774524;Slade;Dineka;42;M;avg
12293775838;Kenneth;Naidoo;67;S;avg
12293781227;Kevendren;Naidoo;58;W;high
12293807242;Caitlin;Swanepoel;42;M;avg
12293813242;Mohamed;Martinez;51;S;avg
12293844820;Veneshree;Beard;15;S;low
12293846640;Avela;Van Der Riet;44;M;high
12293849769;Victoria;Bassuday;72;S;avg
12293850247;Arend;Van Tonder;68;W;avg
12293864823;Muunze;Makgoale;64;M;avg
12293885864;Chansa;Sonday;19;S;low
12293894563;Alfred;Wole;43;D;avg
12293895613;Nabeelah;Magokong;63;M;avg
12293907536;Ngusi;Logan;67;D;avg
12293921218;Thandanani;Chibba;46;D;high
12293922088;Terri;Clarke;84;M;avg
12293964894;Kathryn;Ndamase;17;S;low
12293966273;Cebisile;Southern;61;M;avg
12293976303;Umar;Bergh;59;W;avg
12293994693;Sithembiso;Dlamini;64;M;avg
12294025013;Magano;Mohamed;41;D;avg
12294026582;Amina;Weber;87;D;low
12294055701;Bianca;Twalo;94;D;low
12294126538;Sthembiso;De Lange;59;D;avg
12294143808;Mpho;Mangold;84;M;high
12294156784;Naadhirah;Magubane;57;D;avg
12294170705;Athabile;Van Eck;79;D;high
12294235426;Simnikiwe;Edwards;90;S;low
12294247285;Bronwyn;Thomas;25;S;low
12294257609;Alyssa;White;75;M;high
12294276978;Tessa;Chonco;46;M;avg
12294306641;Mrinmayee;Maneli;44;S;avg
12294322860;Alice;Winfield;88;M;low
12294346657;Mthokozisi;Maluleke;44;W;high
12294352133;Yannick;Angoue-ndoutoume;89;M;low
12294366196;Mxolisi;Mahele;31;S;avg
12294386416;Mogamat;Mashila;84;D;avg
12294386721;Su Young;De Gouveia;59;M;avg
12294410098;Ayushi;Vambe;87;S;low
12294453051;Vernita;Bax;28;M;low
12294528864;Kristi;Mwandla;52;M;avg
12294535444;Anisha;Vianello;70;W;avg
12294544273;Masudah;Mhlongo;92;D;low
12294556692;Natalie;Mabusela;85;S;avg
12294563224;Beth;Tyutyu;58;M;avg
12294566245;Giovanni;Ramjith;18;S;low
12294596104;Monique;Maqasho;67;S;avg
12294605315;Aadilah;Zuma;31;D;avg
12294638466;Bongani;Tshidi;23;M;low
12294642257;Athenkosi;Van Dorsten;44;D;low
12294644445;Lerato;Mthembu;21;S;low
12294647268;Bianca;Twani;79;W;avg
12294650134;Dean;Seutloali;65;M;avg
12294650172;Abigail;Zengetwa;71;D;avg
12294650256;Matsobane;Memela;41;M;avg
12294651931;Andiswa;Wannenburg;59;M;avg
12294658628;Ruth;Gu;83;W;high
12294660275;Lara;Mukuna Mukoka;33;S;avg
12294665834;Evan;Reddy;69;S;avg
12294672479;Vinzeigh;Barry;70;D;avg
12294674931;Inga;Phatswana;99;D;low
12294675652;Nontsikelelo;Khumalo;83;D;avg
12294681468;Jessica;Ntshangase;76;D;high
12294684063;Genevieve;Ramoudh;99;M;low
12294685374;Alex;Ximba;64;M;avg
12294687498;Jennifer;Nyatsanga;53;M;high
12294694326;Bupe;Taylor;57;M;avg
12294701662;Annzra;Venter;33;M;avg
12294702675;Guy-gilles;Pulumo;15;S;low
12294703127;Valmy;Benakovic;90;D;low
12294714217;Ntiyiso;Kew;88;M;low
12294717749;Nadine;Madlala;22;W;low
12294719476;Mohammad;Martin;84;S;avg
12294719646;Jennifer;Nyide;53;M;avg
12294723018;Nosiphiwe;Khoza;60;M;high
12294727917;Meera;Mccrindle;28;M;low
12294730499;Antoinette;Vanmali;17;S;low
12294732782;Kate;Ndlovu;18;S;low
12294737444;Tshavhungwa;Bowen;30;W;low
12294749423;Nehanda;Lussi;76;M;avg
12294750902;Zhixin;Adam;36;W;avg
12294765089;Thobani;Carreno;43;W;high
12294765757;Scott;Gasrus-oas;58;D;avg
12294781391;Muhammad;Makwa;21;S;low
12294782543;Taboko;Davis;43;S;high
12294782696;Tshifhiwa;Boltman;88;M;low
12294785251;Antoinette;Van Wyk;24;S;low
12294786723;Caitlin;Swartbooi;56;D;high
12294789986;Louisa;Moonsamy;69;S;avg
12294799220;Desiree;Schurink;25;D;low
12294802211;Aysa;Van Biljon;35;M;high
12294803039;Sean;Gao;71;M;high
12294804883;Puleng;Hoffman;86;S;low
12294809048;Malefa;Mofokeng;76;M;avg
12294813970;Ropafadzo;Gumede;45;D;high
12294818955;Naeemah;Madlala;44;D;avg
12294843749;Jennifer;Nxala;58;S;avg
12294843822;Kirsten;Mzezewa;65;M;high
12294850549;Jerusha;Nurasiaha;66;W;avg
12294858543;Aghtiri;Yang;63;D;avg
12294865686;Maxine;Mdingi;70;D;avg
12294871101;Morgan;Maphumulo;88;W;low
12294875499;Mariam;Mkhize;60;S;avg
12294879568;Megan;Mbundu;37;D;avg
12294880088;Nyasha;Kara;27;M;low
12294880909;Shu-aib;Finaughty;44;D;low
12294882393;Ian;Pillay;87;M;low
12294895698;Taahira;De Doncker;63;M;avg
12294914942;Tanita;Damon;75;M;avg
12294916390;Tarryn;Crumley;36;W;avg
12294916404;Sibusisiwe;Fan;41;W;high
12294947795;Gabriela;Rao;44;D;low
12294947868;Jade;Park;41;S;avg
12294964122;Almien;Williams;82;W;avg
12294967266;Lwando;Mokgwathi;55;M;high
12294969400;Maneo;Mnguni;29;D;low
12294977566;Willem;Baikie;22;M;low
12294978176;Sarah;Goga;15;S;low
12294979248;Ashleigh;Van Niekerk;44;M;low
12294985545;Julia;Ngoepe;83;D;high
12294991100;Sinoxolo;Dramat;79;S;avg
12294999713;Pavit;Jakoet;64;S;avg
12295001243;Michelle;Mavimbela;48;S;avg
12295003534;Adam;Zabala;94;M;low
12295018529;Danielle;Shier;35;D;avg
12295052840;Thobani;Casper;97;S;low
12295069192;Aashutosh;Zulu;23;M;low
12295070220;Betty;Tyreman;21;S;low
12295070227;Divaani;Santhia;67;W;avg
12295070564;Ntombikayise;Kenath;76;S;avg
12295076026;Muhammed;Makungo;90;M;low
12295101446;Natasha;Mabena;14;S;low
12295107106;Ziphozihle;Abear;44;M;low
12295108452;Meikle;Mbola;67;M;high
12295112971;Andiswa;Waterman;79;M;avg
12295138670;Roxanne;Gumede;91;M;low
12295144356;Zimasa;Abrahams;44;D;avg
12295144523;Jamie;Osman;72;S;high
12295165303;Natalie;Mabote;70;W;avg
12295173366;Nkosinathi;Lanham-parker;59;M;avg
12295187961;Julius;Ngcongo;28;D;low
12295202634;Elke;Rossouw;42;S;avg
12295223671;Anum;Van Veenhuyzen;94;S;low
12295224025;Nishaat;Le Roux;44;D;avg
12295230126;Tumelelo;Bissett;28;D;low
12295232082;Katherine;Ndlovu;61;W;avg
12295234748;Ayanda;Van Der Merwe;87;M;low
12295242511;Hayley;Ponoane;90;D;low
12295245107;Jade;Patel;97;M;low
12295277894;Yiqiong;Andipatin;71;M;avg
12295287053;Kabelo;Ngcobo;22;M;low
12295291266;Thandeka;Chetty;82;M;avg
12295296571;Sandile;Gosani;49;W;avg
12295299556;Boulingui;Toukam Tchakoute;74;D;high
12295304171;Simone;Dunlop;61;M;high
12295305855;Vusumzi;Bara;81;M;avg
12295310361;Nandipha;Madlala;29;D;low
12295323772;Elzette;Ross;42;D;avg
12295327588;Zanele;Adams;92;M;low
12295336587;Alexander;Wright;14;S;low
12295337895;Sadiyah;Gray;87;S;low
12295347908;Joseph;Nkomani;52;D;high
12295354055;Calvin;Suleman;82;S;avg
12295368386;Ruvarashe;Gu;23;D;low
12295371931;Aasief;Zuke;95;S;low
12295389487;Robyn;Hadebe;40;M;avg
12295396470;Buyisile;Tarboton;44;M;high
12295408812;Sonja;Dickinson;69;W;avg
12295410791;Terri;Clayton;17;S;low
12295411748;Emma;Roberts;63;M;avg
12295421454;Sarah May;Gibbon;43;M;avg
12295424951;Thobani;Cardoso;44;D;avg
12295425875;Nasreen;Madera-henry;67;M;high
12295426142;Nangamso;Madigoe;44;M;high
12295449310;Nozipho;Khowa;31;S;avg
12295460883;Halima;Pringiers;44;M;high
12295473615;Sonia;Dimati;91;S;low
12295495059;Sandiso;Gool;96;D;low
12295508716;Sakhile;Gozongo;23;W;low
12295511792;Callie;Surmon;65;S;avg
12295521670;Michelle;Mavango;87;W;low
12295539894;Philisiwe;Isaac;44;D;high
12295543951;Hayley;Poklewski-koziell;95;M;low
12295546210;Katlego;Ndaba;42;S;avg
12295549345;Marina;Mkhize;14;S;low
12295582699;Nikita;Lebeko;44;S;low
12295589245;Sean;Gardner;45;D;avg
12295606702;Muhammad;Maledu;44;D;low
12295610150;Parvesh;Javier;43;D;avg
12295650868;Nicholas;Levy;43;M;high
12295652942;Altaaf;Whitfield;44;D;avg
12295679369;Philippa;Ismail;37;W;avg
12295691322;Linda;Motang;91;D;low
12295695278;Deana;Sepkitt;76;M;high
12295718194;Murray;Makhunga;84;S;avg
12295745168;Mbali;Mcwabeni;33;D;avg
12295755492;Refiloe;Hendricks;35;M;high
12295787234;Linda;Motebejane;30;D;low
12295787720;Hendrik;Plaatjie;93;M;low
12295789466;Chun;Siweya;63;M;avg
12295810598;Matthew;Mdluli;74;S;avg
12295823408;Nicole;Lendrum;57;M;avg
12295826475;Siyabonga;Dlamini;55;W;high
12295858798;Nathan;M;90;D;low
12295860014;Alexandra;Wooler;81;W;avg
12295872336;Schalk;Gebers;23;W;low
12295876038;Ashleigh;Van Niekerk;17;S;low
12295889104;Bukeka;Taylor;95;D;low
12295892083;Maseutloali;Mile;44;M;low
12295936484;Louell;Moosa;87;M;low
12295937223;Romauld;Guzi;95;W;low
12295955038;Mcoseleli;Mchunu;67;M;high
12295956144;Andy;Vlok;62;D;high
12295967983;Anathi;Watson;15;S;low
12295978748;Ismaeel;Petrie;49;M;avg
12295991897;Tshihangwa;Boloko;15;S;low
12295991905;Mncedisi;Masihleho;49;W;avg
12296013268;Jonathan;Nkonki;30;S;low
12296024332;Sandile;Gourrege;32;M;avg
12296027141;Amanda;Wendering;90;S;low
12296033629;Alexia;Wong;19;S;low
12296050916;Nishtha;Latief;96;M;low
12296057195;Silindile;Enslin;44;M;high
12296064337;Masindi;Michell;68;S;avg
12296064784;Thuthukani;Buthelezi;20;S;low
12296073080;Chanyun;Sonday;44;D;low
12296076235;Nina;Leaner;63;S;avg
12296077525;Zarina;Adams;53;M;avg
12296085969;Zaheera;Aftab;20;S;low
12296087416;Sizwe;Dismore;80;M;avg
12296088463;Mzandile;Maharaj;76;D;avg
12296088484;Letshela;Mpemnyama;29;S;low
12296097811;Ramesh;Hill;96;W;low
12296098388;Bongekile;Tshabalala;48;S;high
12296099548;Sanu;Golembo;94;M;low
12296103146;Simone;Durgadoo;41;M;avg
12296112268;Alicia;Wills;42;M;avg
12296118290;Julia;Ngoma;66;D;high
12296138974;David;Seyuba;73;D;avg
12296145374;Deepti;Seabelo;42;S;avg
12296157312;Nisholini;Lawrence;64;D;avg
12296158260;Nicholas;Levitt;75;S;high
12296164419;Alicia;Williams;22;M;low
12296177103;Mike;Matika;44;S;low
12296182285;Sibongiseni;Faul;41;S;avg
12296190763;Alisia;Williams;83;S;avg
12296196272;Wonderboy;Badul;93;M;low
12296211184;Vincent;Basana;99;D;low
12296211978;Ragmah;Hlabangana;14;S;low
12296215706;Matsebe;Merks;65;M;high
12296226805;Nhlakanipho;Lo;57;D;avg
12296240952;Bardett;Valentine;27;D;low
12296245767;Mikateko;Matshubeni;51;M;avg
12296264367;Fezile;Ratshidaho;39;M;avg
12296269169;Matthew;Mdlalose;50;W;avg
12296281571;Hannah;Pretorius;29;M;low
12296284577;Livani;Morris;70;D;avg
12296288555;Andrew;Von Hirschfeld;33;D;avg
12296290981;Sepideh;Gaca;69;W;avg
12296295365;Busisiwe;Tarlton;17;S;low
12296299192;Phumelele;Hurbans;42;M;avg
12296300642;Layla;Mthimunye;63;S;avg
12296305856;Murendenu;Makina;39;S;avg
12296308869;Chloe;Smith;96;W;low
12296313314;Mabuse;Mohoto;68;S;avg
12296314095;Asimbonge;Van Jaarsveld;96;S;low
12296316173;Gcimowakhe;Rampookar;44;M;high
12296324210;Jorge;Nkomatsi;22;W;low
12296329813;Ameera;Weimar;32;S;high
12296349949;Zhehua;Adam;40;S;avg
12296396489;Robert;Hamukuaya;47;M;high
12296413941;Caitlin;Swapi;50;M;avg
12296428124;Daniel;Shikolokolo;61;W;avg
12296453244;Madonna;Mohammed;69;D;avg
12296463156;Bonginkosi;Tredoux;28;W;low
12296483514;Nabeela;Magopeni;95;M;low
12296489896;Yamkela;Ansum;60;M;avg
12296499304;Mpelang;Manjezi;41;M;avg
12296513521;Mandisa;Mnikina;20;S;low
12296529123;Henry;Plaatjes;23;M;low
12296537771;Jess;Ntwatwa;41;D;avg
12296546906;Siphiwe;Donaldson;72;D;avg
12296548644;Reinhardt;Hendricks;80;S;high
12296551745;Katherine;Ndida;44;D;low
12296570549;Jennifer;Nxusani;30;S;low
12296574028;Motlalepula;Manyathi;35;D;avg
12296609130;Unotjari;Benjamin;30;D;low
12296629184;Akhulonwabo;Ximba;54;M;high
12296636952;Selaelo;Galitskaia;27;S;low
12296640940;Emily;Romalall;71;D;avg
12296647238;Jacky;Pedersen;44;D;low
12296655618;Paulin;Jamadar;15;S;low
12296670211;Carmen;Stevens;40;S;avg
12296678746;Simphiwe;Dumezweni;26;M;low
12296681452;Joseph;Nkojoana;76;D;avg
12296683234;Mary;Mills;27;M;low
12296703835;Tristan;Braun;15;S;low
12296709884;Jannean;Opitz;29;D;low
12296741261;David;Sharma;23;S;low
12296743710;Moses;Manyuwa;85;D;high
12296743833;Kamogelo;Netshifhefhe;22;D;low
12296750653;Nicholas;Liedeman;21;S;low
12296757294;Erin;Rice;44;D;high
12296774141;Kaneez;Ndwandwe;75;D;avg
12296775116;Brent;Timol;33;M;avg
12296790348;Sarah;Gitau;17;S;low
12296793944;Tariq;Cruywagen;96;S;low
12296794755;Malibongwe;Mofokeng;87;M;low
12296796776;Balaram;Vallie;58;W;avg
12296812865;Anitah;Verster;33;D;high
12296815440;Shaakira;Froneman;44;D;low
12296831700;Devon;Schoeman;45;D;avg
12296889670;Sarah;Gitau;53;D;avg
12296890282;Lesego;Mshololo;96;D;low
12296894785;Njabulo;Lategan;55;M;high
12296915206;Mukelani;Makota;38;M;avg
12296917711;Felicity;Ravhengani;42;M;avg
12296927368;Nokhanyo;Kweyama;21;S;low
12296956067;John;Nkosinyane;44;M;high
12296972511;Amy;Webber;93;D;low
12296982583;Seetsa;Ganesan;60;M;avg
12296999101;Nelile;Lugudu;29;M;low
12297015970;Yamkela;Anthony;73;D;avg
12297024136;Garth;Ramuthivheli;86;M;low
12297033115;Elizabeth;Rukato;39;M;avg
12297034299;Esmeralda;Reetsang;36;M;high
12297040808;Buchule;Temesgen;72;D;avg
12297044065;Isabella;Phalole;47;M;avg
12297046626;Johny;Nkosi;65;M;avg
12297049158;Saajid;Green;48;M;high
12297053790;Shelly;Fitzsimons;60;M;high
12297058009;Masixole;Mia;36;W;avg
12297058203;Sarah;Gladile;44;W;high
12297062649;Deidr?;Seabela;44;W;high
12297082041;Marvin;Miya;80;M;high
12297099220;Cornelie;Sibanyoni;42;S;avg
12297117491;Maahir;Mokae;31;M;avg
12297136625;Chloe;Smith;42;S;avg
12297138418;Convenience;Silevu;57;M;high
12297158274;Catherine;Speirs;48;M;avg
12297158955;Mongami;Markanda Mudali;43;M;avg
12297165326;Adika;Yotwana;44;S;avg
12297165525;Letladi;Mphahlele;92;M;low
12297181472;Cai;Swiel;70;D;avg
12297192814;Candice;Subramoney;59;D;high
12297221390;Pippa;Hua;78;S;avg
12297231599;Mesuli;Mbanga;49;W;avg
12297247746;Anelisa;Visser;45;M;avg
12297257497;Mogammad;Masango;64;M;avg
12297272968;Brutus;Theko;77;W;high
12297279358;Muhammad;Maliti;44;D;avg
12297280241;Mpumelelo;Mangena;43;S;avg
12297290162;Tiasha;Bursey;35;D;avg
12297290818;Bokang;Tsuari;44;M;high
12297301043;Natalie;Mabotja;96;S;low
12297308270;Adli;Yaseen;42;W;avg
12297315840;Philile;Ismail;74;S;avg
12297316953;Hlulani;Pillay;53;W;high
12297317459;Tholakele;Campbell;21;S;low
12297323613;Carron-lee;Staat;67;D;high
12297324383;Sibonelo;Fihla;48;M;avg
12297329999;Ngcali;Lott;31;W;avg
12297338596;Anabelle;Watts;57;M;avg
12297344947;Kemuel;Naidoo;51;S;avg
12297348260;Catrine;Spaltman;58;M;avg
12297357766;Tracey;Bright;43;M;avg
12297363204;Arianna;Van Sittert;41;D;avg
12297370692;Celeste;Sorto;33;S;avg
12297383980;Boitumelo;Tucker;35;M;avg
12297400383;Patience;January;87;M;low
12297403666;Merchant;Mbanjwa;76;S;avg
12297413100;Musa;Makhari;44;W;high
12297415371;Mogoshi;Martins;75;M;avg
12297416310;Remember;Heeralal;84;D;high
12297421083;Kirstie;Myburgh;33;S;avg
12297425380;Ankia;Vermeulen;17;S;low
12297449990;Sarita;Giangregorio;96;M;low
12297464083;Tshepo;Bornman;57;M;avg
12297473492;Tebatso;Cloete;44;S;high
12297473565;Irina;Phathwa;55;M;avg
12297536500;Hishaam;Pineo;97;S;low
12297542076;Tanita;Daniels;23;D;low
12297559265;Mlungisi;Masithela;53;M;high
12297560286;Megon;Mbonane;28;D;low
12297565480;Brian;Thomson;43;M;avg
12297573733;Motlanalo;Mann;38;M;avg
12297594997;Martin;Mkhize;69;D;high
12297602152;Elizabeth;Runeyi;76;M;avg
12297604175;Sinah;Duma;44;S;low
12297605279;Astrid;Van Heerden;70;S;avg
12297613286;Noxolo;Khoza;54;M;avg
12297619778;Tinyiko;Buchanan;37;S;avg
12297620843;S'thembiso;De Kock;93;D;low
12297627248;Cloe;Simpkins;79;M;avg
12297632510;Nadia;Madonsela;86;S;low
12297649915;Melissa;Mbatha;23;S;low
12297655992;Nhlakanipho;Lin;22;M;low
12297658801;Zuko;Abbott;51;S;avg
12297666018;Pretty;Holliday;30;M;low
12297690183;Rebashani;Heynes;16;S;low
12297691920;Melissa;Mbense;40;M;avg
12297694089;Thomas;Calvert;57;M;high
12297698089;Guillaume;Puteni;47;D;high
12297708908;Bonginkosi;Tsedu;34;S;avg
12297717082;Natasha;Maart;77;D;high
12297719730;Laura;Mukhuba;31;D;avg
12297724918;Sizwe;Dinne;88;M;low
12297734361;Marilyne;Mkhize;68;W;avg
12297742043;Sthembile;De Souza;69;D;high
12297753604;Tamarin;Datay;54;D;avg
12297755724;Haroon;Poppleton;67;W;high
12297763473;Andries;Vogel;37;D;avg
12297770305;Reitumetse;Heinz;99;W;low
12297776947;Aisha;Xokozela;92;M;low
12297779093;Kyle;Murray;72;D;high
12297790474;Louise;Moolman;79;S;high
12297799466;Thembisa;Cele;59;M;avg
12297813508;Neloshini;Lowe;99;S;low
12297814528;Shayne;Foggitt;30;M;low
12297828349;Alicia;Williams;53;S;high
12297829796;Magdalena;Mohamed;68;D;avg
12297846979;Kim;Nagia;14;S;low
12297847737;Chriselda;Smit;46;D;avg
12297848142;Alesha;Ximba;26;M;low
12297859270;Keeran;Nair;44;M;high
12297862781;Brandon;Tjale;72;M;avg
12297877392;Rebecca;Heuer;94;M;low
12297881267;Thembelihle;Cele;88;M;low
12297899537;Tshepo;Boshego;40;D;avg
12297909371;Yolanda;Anderson;20;S;low
12297914971;Michael;Mazibuko;96;D;low
12297919383;Eloye;Ross;62;W;avg
12297940608;Lisa-Jayne;Morwe;90;D;low
12297951577;Lindokuhle;Mosifane;98;S;low
12297953003;Nkosingiphile;Langtree;32;M;avg
12297953741;Saba;Green;65;M;avg
12297957078;Tiro;Bryer;20;S;low
12297957991;Frances;Raseroka;79;S;avg
12297962014;Sinegugu;Du Plessis;52;M;avg
12297963898;Ryan;Grey;63;M;avg
12297987094;Ricardo;Harricombe;99;D;low
12297989725;Kleopas;Mwashita;86;D;low
12297992951;Tyronne;Bhikha;55;S;high
12297996484;Spurgeon;Dhar;43;D;avg
12298004806;Kutlwano;Muzi;72;S;avg
12298009851;Reyna;Hasware;85;S;high
12298010765;Tatum;Coker;75;M;high
12298020787;Penelope;Jadoo;73;D;high
12298022615;Karen;Ndlovu;84;M;avg
12298025920;Lauren;Muenda;55;D;avg
12298029739;Margaret;Mkudu;63;M;high
12298041690;Boyun;Tlhatlogi;16;S;low
12298041850;Nisharlin;Le Riche;44;D;high
12298044097;Hannah;Price;98;M;low
12298060634;Revonia;Haupt;34;S;avg
12298070374;Tebogo;Clipstone;85;W;avg
12298077206;Ravi;Higgins;46;D;avg
12298080128;Siyabulela;Dlamini;49;D;avg
12298086363;Grayson;Raholang;26;M;low
12298087641;Adele;Youdaga Kilinkissa;23;S;low
12298096328;Nozuko;Khoeli;69;W;avg
12298101838;Samantha;Govender;89;D;low
12298104058;Samantha;Govender;91;D;low
12298108626;Ntobeko;Kew;95;M;low
12298120341;Nommangaliso;Kobo;71;S;high
12298123862;Rethabile;Hayes-hill;25;M;low
12298139355;Kavir;nda@soszim.co.zw;51;W;avg
12298140231;Charn?;Solomon;44;M;avg
12298145849;Jordan-Laine;Nkomo;44;S;avg
12298147199;John;Nkuna;85;D;avg
12298160398;Tumelo;Bishop;71;M;avg
12298167667;Samukelo;Gouws;69;M;avg
12298167908;Tsolo;Bivigou;44;D;high
12298183197;Charles;Sonandi;97;M;low
12298204519;Jani;Opperman;49;D;avg
12298213543;Thuto;Burton;79;D;avg
12298215257;Timothy;Buncombe;89;M;low
12298216036;Lawrence;Mtintsilana;90;M;low
12298219974;Reza;Harrilal;65;W;avg
12298220620;Dylan;Sabela;58;D;avg
12298231249;Tawriq;Cloete;30;S;low
12298245195;Sibongiseni;Feng;32;M;avg
12298247797;Sivenesi;Dlamini;15;S;low
12298247798;Daniel;Shilongo;44;S;avg
12298253252;Qaabil;Hoffman;52;S;avg
12298255986;Zamokuhle;Adams;46;M;avg
12298258203;Pieter-niel;Huber;52;M;avg
12298258530;Yu-Ching;Allie;97;M;low
12298279120;Christopher;Siyatha;13;S;low
12298287959;Ntombifuthi;Kerbelker;24;S;low
12298289538;Dilona;Saunders;46;M;avg
12298290583;Khanyisa;Naidoo;64;M;avg
12298295971;Hundzukani;Pillay;73;M;avg
12298299021;Do Hyung;Sanglay;15;S;low
12298312651;Errol;Rhoda;59;D;avg
12298320233;Nolubabalo;Kruss;39;S;avg
12298323698;Sheng-wen;Fitzgerald;89;M;low
12298324353;Sele;Gada;43;S;avg
12298328935;Shabbeer;Frieslaar;34;M;avg
12298333470;Sicelo;Evans;45;D;avg
12298335882;Thandiswa;Chang;46;S;avg
12298345697;Felicity;Rattay;70;M;high
12298355737;Clayton;Singh;80;D;avg
12298358278;Mina;Mathenjwa;44;D;low
12298377979;Respect;He;55;M;high
12298406386;Pablo;Jiyane;78;W;avg
12298407731;Omphitlhetse;Juggernath;96;D;low
12298419717;Katherine;Ndhlovu;37;D;avg
12298432815;Dineo;Sassenberg;61;S;avg
12298444566;Euwon;Reddy;92;S;low
12298461650;Sibonginkosi;Fensham;31;M;avg
12298465641;Do Hyung;Santana;31;D;avg
12298475780;Tish;Bruton;44;W;low
12298488517;Lindani;Motala;28;M;low
12298500771;Leon;Mthethwa;93;M;low
12298501142;Jamie;Osborn;44;S;high
12298502570;Fundile;Rapolaki;25;W;low
12298520048;Nokukhanya;Kuttschreuter;99;M;low
12298520883;Tamara;Davel;18;S;low
12298528765;Holly;Pillay;92;D;low
12298555450;Katherine;Ndhlovu;31;D;high
12298570042;Patricia;Janet;80;M;avg
12298571403;Eathon;Saacks;51;M;high
12298571658;Cristine;Shuttleworth;40;D;avg
12298572584;Sizwe;Dippenaar;27;M;low
12298577796;Jade;Patchitt;68;S;avg
12298578580;Kaya;Ncube;50;D;avg
12298582668;Chloe;Smith;88;D;low
12298598530;Xatyiswa;Badenhorst;30;S;low
12298601954;Lorenzo;Moran;72;M;avg
12298607464;Sinazo;Dube;40;D;avg
12298613200;Tanym;Dabrowski;70;S;high
12298621505;Dylan;Sachs;73;D;avg
12298622282;Tarryn;Craffert;76;D;avg
12298631498;Regina;Hendricks;56;M;avg
12298634763;Lourike;Moolla;65;W;avg
12298639015;Shain-adey;Frere;55;M;avg
12298646784;Serge;Furlong;68;D;high
12298650550;Tsholofelo;Biyela;82;W;high
12298653112;Tweya;Bigalke;44;S;low
12298656075;Tsu-shiuan;Bissict;33;D;avg
12298657043;Tristan;Brandt;58;S;avg
12298666275;Micah;Mazule;26;D;low
12298681568;Mfundo;Mbali;40;D;avg
12298681907;Thabo;Chigwaja;94;D;low
12298693555;Shelley;Florentino;53;M;avg
12298704199;Omary;Kabane;74;D;avg
12298717587;Nteboheleng;Khan;44;M;low
12298735491;Gregory;Rabbani;80;S;avg
12298759905;Zenobia;Adams;21;S;low
12298759972;Xuejun;Antindi;99;D;low
12298769417;Mlungisi;Masinga;77;S;avg
12298774184;Sinethemba;Dramat;65;M;high
12298778292;Portia;Hotchkiss;82;D;avg
12298789954;Nombulelo;Kolia;78;M;avg
12298791683;Dawit;Sewraj;80;M;avg
12298796509;Linn;Moshoeshoe;68;S;high
12298813202;Sicelo;Essone Ndong;15;S;low
12298831282;Sharanya;Fourie;22;D;low
12298831645;Douglas;Sakko;18;S;low
12298836102;Lindelani;Motala;43;M;avg
12298843164;Jayde;Nzimande;85;D;avg
12298855236;Lunga;Molawa;45;D;avg
12298855386;Willem;Bafazini;54;M;avg
12298859312;Lisa-marie;Morris;94;D;low
12298876984;Jason;O'leary;22;S;low
12298879667;Abrar;Zalgaonker;58;M;avg
12298886191;Shagufta;Friedberg;33;M;avg
12298887120;Kathija;Ndengane;70;M;avg
12298890397;Khanyisani;Naidoo;55;M;avg
12298897901;Matsie;Menie-ondo;52;M;avg
12298899370;Matthew;Megaw;44;M;low
12298904297;Iris;Phandle;29;M;low
12298921222;James;Padayachee;44;M;high
12298923245;Pfano;Jacobson;51;D;avg
12298926962;Grant;Raholang;44;M;avg
12298932459;Stephen;De Vries;24;M;low
12298943410;Samantha;Govender;25;M;low
12298945288;Vika;Basha;66;W;avg
12298952923;Kim;Naicker;46;S;high
12298959520;Sergei;Fullard;25;D;low
12299004691;Yolandi;Amod;44;D;high
12299010174;Tatum;Conjwa;18;S;low
12299017267;Phumelele;Hung;72;M;high
12299029211;James;Paleker;44;M;low
12299081013;Darika;Shaw;47;M;avg
12299087220;Noorjaan;Khumalo;49;M;avg
12299112214;Nomawethu;Komape;89;M;low
12299116111;Yushiv;Allie;94;M;low
12299146230;Nosipho;Khoza;91;M;low
12299151415;Ongero;Joubert;64;M;avg
12299169382;Palak;Jian;70;D;avg
12299191069;Leandro;Mthimunye;15;S;low
12299203076;Donovan;Salingre;64;S;high
12299222125;Ofentse;Kanyanga;60;S;high
12299226421;Mishka;Mathabatha;35;M;avg
12299230788;Lisa;Moshoeshoe;38;W;avg
12299244359;Thumeka;Buthelezi;92;W;low
12299254304;Claire;Sithole;23;D;low
12299259251;Luis;Molzen;44;M;avg
12299279387;Tatenda;Coucourakis;17;S;low
12299279455;Emily;Rosen;57;D;high
12299279926;Claire;Sishuba;50;D;avg
12299287507;Nabeelah;Magan;38;M;high
12299294756;Ruvarashe;Grundling;92;D;low
12299305252;Christophe;Slamang;44;M;low
12299314445;Julia;Nhlabathi;78;S;avg
12299331425;Jivani;Nortje;46;M;avg
12299336971;Nompilo;Kisten;50;D;avg
12299342070;Crosby;Shumeni;29;D;low
12299343807;Enricko;Rikhotso;93;S;low
12299348244;Qhamisa;Hlongwane;24;D;low
12299355454;Dumisani;Sadler;28;D;low
12299356273;Joy;Njiosseu Mbakop;44;M;low
12299359822;Joy;Nkanyani;44;M;high
12299365611;Mnqobi;Mashimbye;79;D;avg
12299380297;Thabo;Chilango;27;W;low
12299387464;Thabile;Chinake;36;S;avg
12299387629;John;Nkunku Mapuata;97;D;low
12299401891;Thabo;Chibowa;31;D;low
12299405543;Loren;Morgan;64;M;high
12299418496;Qanitah;Hoareau;20;S;low
12299423803;Mandzisi;Mnguni;36;D;avg
12299433404;Johannes;Nleya;44;W;avg
12299448722;Jon;Nkosi;29;M;low
12299471341;Peacemaker;Jaftha;43;D;avg
12299473900;Shavani;Fortune;90;D;low
12299477502;Hoosein;Pillay;81;D;high
12299486041;Coral;Sikhakhane;29;M;low
12299496192;Peacemaker;Jajula;62;W;avg
12299499232;Luke;Moloi;14;S;low
12299501132;Farzanah;Rayner;57;D;avg
12299505176;Victor;Batshefola;75;S;avg
12299509672;Itumeleng;Peier;44;D;low
12299512932;Samantha;Govender;69;D;avg
12299516443;Kgosietsile;Naidoo;30;D;low
12299518041;Revisha;Haupt;44;M;avg
12299524971;Sandile;Gossow;60;S;high
12299525103;Graeme;Ramafalo;67;M;avg
12299530095;Shu-yu;Fihla;44;D;avg
12299537357;Marco;Mlimi;44;M;avg
12299539388;Teboho;Clements;42;D;high
12299543369;Ornella;Jordaan;98;M;low
12299545090;Ilhaam;Phungula;89;S;low
12299548583;John;Nkuzo;95;D;low
12299550231;Thulisile;Buthelezi;79;S;high
12299556456;Dominic;Sands;18;S;low
12299580680;Kashentha;Ndlovu;29;M;low
12299589625;Thulani;Butler;75;S;avg
12299590570;Ismat;Pelaelo;17;S;low
12299591818;Jason;Okeyo;67;S;avg
12299594711;Lindelani;Motala;53;M;avg
12299604656;Simbarashe;Engelbrecht;54;M;avg
12299608654;Ismail;Peralta;54;S;high
12299612940;Kharan;Naidoo;93;M;low
12299618473;Gemma-leigh;Ramphele;57;M;avg
12299622233;Nontuthuko;Khumalo;49;D;avg
12299633983;Jonathan;Nkosi;47;M;avg
12299639211;Leon;Mthethwa;96;M;low
12299640018;Loyiso;Moodaley;81;D;avg
12299652878;Kaylee;Ncube;30;D;low
12299666232;Shu-aib;Fish;20;S;low
12299674837;Ntandoyenkosi;Khanyile;44;D;avg
12299687668;Shivana;Fitzgerald;15;S;low
12299696393;Farahnaaz;Raza;78;D;avg
12299698810;Devin;Schroeder;22;D;low
12299703107;Liesl;Mouwane;44;W;avg
12299705719;Shaka;Fraser;21;S;low
12299707692;Tshepo;Booi;44;M;avg
12299708946;Candice;Strydom;98;D;low
12299709950;Tsholofelo;Bodenstein;44;S;avg
12299710599;Uthmaan;Beningfield;37;D;avg
12299715558;Ntebo;Khan;22;D;low
12299730762;Yohann;Anderson;37;S;high
12299732680;Imraan;Phelp;97;D;low
12299736165;Stephanie;Deen;57;M;avg
12299744273;Nobantu;Langley;93;S;low
12299747572;Benny-james;Udjombala;73;M;high
12299756714;Siphokazi;Dollie;15;S;low
12299757489;Hassen;Pontiggia;53;D;avg
12299764351;Xiaoxiao;Aukhojee;74;S;avg
12299769924;Matlale;Meyer;14;S;low
12299770756;Steven;De Villiers;23;W;low
12299777934;Cari-leigh;Still;44;M;high
12299782150;Leigh;Mthimkhulu;52;D;avg
12299782547;Solomzi;Dimati;44;S;low
12299786212;Anick;Visagie;37;S;avg
12299787772;Alwyn;White;69;M;avg
12299791559;Stacey;Desai;74;M;high
12299801266;Shona;Fisher;67;W;avg
12299803807;Morne;Manzi;38;D;avg
12299817124;Tarryn;Cronje;45;D;avg
12299819597;Nicholas;Letsoalo;86;D;low
12299847492;Glenn;Ramalitse;52;D;avg
12299848471;Sehrish;Gambu;49;M;avg
12299849783;Andrea;Waldron;55;S;high
12299853213;Jade;Patel;67;M;high
12299856632;Mahlako;Mogorosi;93;M;low
12299862392;Simon;Dyani;81;D;avg
12299865017;Veeresh;Benade;43;M;avg
12299874795;Abongile;Zalgaonkir;47;M;high
12299888955;Danika;Shezi;98;D;low
12299894938;Kgotsofatso;Naidoo;27;D;low
12299897709;Baphindile;Valley;96;D;low
12299924763;Mihlali;Matshubeni;99;M;low
12299926792;Claire;Sithole;82;W;avg
12299935283;Abongile;Zalgaonkir;91;M;low
12299940869;Aida;Xu;44;D;low
12299955582;Ziya;Abdurahman;79;M;avg
12299955757;Hyeon;Pillay;26;M;low
12299955759;Gwyneth;Pule;26;D;low
12299958126;Sithembelihle;Dlulane;38;M;avg
12299962639;Catherine;Srubis;92;D;low
12299962684;Imke;Phillips;60;W;high
12299965093;Megan;Mbongwe;94;D;low
12299967505;Raisa;Hiltermann;71;S;avg
12299967884;Whitley;Bailey;15;S;low
12299987204;Amanda;Wessels;17;S;low
12299992927;Wesley;Baloyi;83;D;high
12300000178;Nhlakanipho;Lin;40;M;avg
12300019133;Emma;Roberts;55;M;avg
12300023129;Kim;Naicker;61;W;avg
12300023320;Alphan;Wild;45;D;avg
12300024259;Amal;Wheeler;97;M;low
12300030267;Tunehafo;Bird;83;M;avg
12300033977;Imraan;Phatswana;44;D;avg
12300038049;Mbveledziso;Mckenzie;77;D;avg
12300040525;Gregory;Rahman;65;S;avg
12300042893;Suriya;De Freitas;82;M;avg
12300044651;Magetla;Mohamed;43;M;avg
12300044946;Tawanda;Cohen;40;M;avg
12300052225;Lesego;msfrankie51@myself.com;57;D;avg
12300052929;Carrie;Stander;41;W;avg
12300055989;Zethembiso;Adams;42;S;high
12300067442;Mekondjo;Mbobo;44;M;high
12300081242;Lindelani;Mota;51;M;avg
12300087423;Sandisiwe;Goolam Hoosen;52;D;avg
12300091099;David;Shabalala;32;D;avg
12300096613;Hamisi;Prim;36;M;avg
12300115939;Robert;Hammond;88;M;low
12300116753;Sean;Gardiner;38;D;avg
12300119102;Lemeez;Mthethwa;44;D;high
12300127414;Langalethu;Mullineux;38;M;avg
12300157264;Lerato;Mteki;18;S;low
12300164987;Kagiso;Ngcobo;69;M;avg
12300176968;Tahira;Davis;44;S;high
12300202109;Ashton;Van Niekerk;41;M;avg
12300228486;Altaaf;Wichers;59;D;avg
12300238684;Brutus;Tenza;98;D;low
12300238765;Tamara;David;50;W;avg
12300249023;Gert;Ramnarain;71;W;high
12300251447;Melandi;Mbhele;76;M;high
12300258284;Thomas;Calder;92;M;low
12300276249;Mieke;Matterson;32;M;avg
12300285878;Kushav;Mvumvu;44;M;avg
12300287038;Sinegugu;Du Plessis;19;S;low
12300288215;Bonisani;Toyer;92;D;low
12300288902;Simone;Durr;49;D;avg
12300298616;Mushfiqah;Makgota;44;D;high
12300307939;Ra-iqah;Hinter;47;S;avg
12300313177;Nomxolisi;King;54;M;avg
12300327898;Kim;Naicker;22;D;low
12300328236;Lungelwa;Mokoka;57;D;avg
12300329620;Blaine;Tuckniss;44;D;avg
12300350646;Catherine;Spiby;65;D;avg
12300359437;Yanga;Angula;96;M;low
12300360123;Itumeleng;Peer;96;D;low
12300370770;Bupe;Taylor;34;M;avg
12300376755;Bhekumuzi;Twani;31;S;avg
12300378007;Anthea;Veii;92;M;low
12300386384;Neo;Louw;14;S;low
12300391954;Sanele;Gondwe;53;M;avg
12300396977;Luqmaan;Mokoena;44;D;avg
12300400491;Michael;Mazibuko;75;M;avg
12300405881;Po-kai;Hsieh;71;W;avg
12300409122;Ayanda;Van Blerk;20;S;low
12300413015;Ludovic;Mondlane;56;M;avg
12300414825;Phakama;Jacobs;88;M;low
12300416352;Jamie;Osman Latib;88;M;low
12300419717;Xolani;Auala;44;W;high
12300421435;Tshegofatso;Boshoff;43;D;high
12300442703;Sediba;Ganesh;27;M;low
12300446804;Megan;Mc Master;56;W;avg
12300449550;Michelle;Mauba;44;D;low
12300452133;Christiaan;Smit;43;D;avg
12300473430;Mokgadi;Marston;79;M;high
12300473703;Simnikiwe;Edward;67;W;high
12300473770;David;Shaik;29;W;low
12300492593;Anika;Vilakazi;76;S;avg
12300502245;Kuber;Mwaiponya;84;M;high
12300519869;Muziwakhe;Makan;56;M;avg
12300527014;Ronja;Gunter;37;D;avg
12300527211;Mohammed Minhaj;Martin;95;D;low
12300533874;Andrea;Walzl;60;S;avg
12300550169;Barend;uth Africa;47;D;avg
12300552756;Thobeka;Cara;55;D;avg
12300555308;Andrew;Wagenheim;44;W;high
12300594023;Michael;Mazalovski;80;M;avg
12300594402;Sharon;Fourie;31;D;avg
12300603971;Marie-Claire;Mkhize;44;S;low
12300608897;Asande;Van Rooyen;47;M;avg
12300610242;Sinead;Du Plessis;24;M;low
12300614575;Nabeelah;Magafela;60;M;avg
12300624961;David;Shabangu;93;D;low
12300627313;Thandolwethu;Chand;14;S;low
12300629109;Sarah;Giddey;83;D;avg
12300631703;Prince;Hollander;73;M;avg
12300633652;Nobenathi;Langa;89;S;low
12300647552;Ngunja;Lohlun;72;D;high
12300654275;Dikonelo;Savari;74;M;avg
12300664782;Kirsten;Mziyako;83;M;avg
12300675362;Tanweer;Daliburuma;80;M;avg
12300677755;Tatenda;Cox;73;D;avg
12300681485;Clio;Singh;15;S;low
12300681894;Evelien;Reagon;24;W;low
12300686209;Warren;Banda;68;M;avg
12300686489;Precious;Hopper;93;D;low
12300693247;Nangado;Madikgoadi;42;D;avg
12300705634;Candice;Strahle;57;M;avg
12300722562;Caylee;Southey;58;M;high
12300727927;Rudelee;Gubangca;82;S;avg
12300729515;Dikeledi;Sayed;97;M;low
12300734318;Marvel;Mjoka;44;M;avg
12300748086;Sbusiso;Gela;89;S;low
12300756984;Marguerite;Mkoka;35;M;avg
12300759097;Ruan;Gumbo;44;S;avg
12300763509;Aghmad;Yang;23;D;low
12300764902;Ntombizandile;Kemp;97;W;low
12300767483;Muzzammil;Makalu;61;M;high
12300768635;Caitlyn;Suto;94;M;low
12300779657;Mishka;Masondo;44;M;high
12300781244;Damian;Shongwe;51;M;high
12300781598;Muhammed;Makoto;32;M;avg
12300795653;Zaheera;Ahmed;74;W;high
12300807228;Ansie;Venter;44;M;low
12300810997;Amy;Waygood;44;D;avg
12300814185;Gabriella;Randleff-rasmussen;72;D;avg
12300817920;Lauren;Mudau;71;M;high
12300829375;Justin;Ngcongo;62;M;avg
12300833044;Jahangeer;Pansarey;69;D;avg
12300837483;Blaine;Tununu;20;S;low
12300840409;Thobeka;Carboni;40;D;avg
12300862665;Alexander;Wronski;41;S;avg
12300876207;Byron;Tabane;72;W;avg
12300880351;Mohammad Ali;Martin;17;S;low
12300905390;Kirsty;Mwisi;42;S;avg
12300921505;Relebohile;Heine;96;D;low
12300932482;Toni;Brittain;43;D;avg
12300981639;Tilden;Bungane;40;M;avg
12300991777;Jsadele;Njengele;19;S;low
12301019224;Lauren;Mudaly;77;M;avg
12301060148;Qaabil;Hobbs;41;W;avg
12301106910;Shama;Frank;29;S;low
12301131018;Otsile;Jooste;47;M;avg
12301138663;Annsureeka;Vercueil;39;D;avg
12301151593;Jaime;Pancham;86;D;low
12301152483;Mubeen;Maluleke;44;D;high
12301157222;Loyiso;Moodley;62;D;high
12301170877;Zaayid;Aldworth;44;S;avg
12301187892;Esmarie;Reid;31;M;avg
12301188671;Saxony;Geldenhuys;73;S;high
12301190251;Haseena;Poonan;35;D;avg
12301195993;Euan;Reddy;40;M;avg
12301213038;Arthur;Van Rooyen;80;D;avg
12301213667;Alice;Witbooi;24;D;low
12301219856;Nokuthula;Kubheka;29;M;low
12301222475;Princeton;Holl;71;M;avg
12301223202;Chan;Soorajlal;47;W;avg
12301235205;Avani;Van Der Vent;28;D;low
12301241345;Lauren;Mtotywa;42;M;avg
12301247541;Tessa;Christensen;75;M;avg
12301272366;Byron;Taliep;16;S;low
12301296709;Marli;Mkhize;29;D;low
12301298681;Abbas;Zondo;89;W;low
12301325053;Lebogang;Mthimkhulu;33;W;avg
12301327973;Pholile;Indongo;30;D;low
12301338991;Thendo;Castelo Branco;32;M;avg
12301362452;Monique;Marais;67;M;high
12301366461;Thandekile;Chen;83;M;avg
12301385453;Kylie;Murefu;86;D;low
12301391554;Alicia;Wilson;18;S;low
12301393675;David;Shangase;81;S;avg
12301395434;Aaisha;Zulu;71;M;avg
12301406447;Roxanne;Gumbo;53;M;avg
12301406709;Milu;Mathunjwa;81;W;avg
12301424008;Amilcar;Webster;83;W;avg
12301426209;Abbaas;Zondo;29;S;low
12301429027;Cameron;Sulaiman;95;W;low
12301438386;Qudsiya;Hlengwa;44;D;low
12301439186;Theresa;Cassoojee;81;S;avg
12301449912;Arifa;Van Rooyen;66;D;high
12301461277;Mike;Matiba;79;S;avg
12301477029;Candice;Sturks;63;D;avg
12301487447;Sarah;Goldberg;47;S;avg
12301488623;Anele;Viviers;44;M;avg
12301489610;Dakalo;Shorten;55;M;avg
12301489853;Thandiwe;Chandran;93;W;low
12301501706;Kreaska;Mwangalawa;56;D;high
12301504197;Mogamat;Mashapa;86;M;low
12301507341;Hao;Powane;62;S;avg
12301522258;Kwegyir;Muteba;16;S;low
12301530810;Candice;Strydom;97;M;low
12301532541;Jacob;Paulssen;30;M;low
12301537541;Bonakala;Tshivhase;44;M;avg
12301542369;Tiyani;Brown;20;S;low
12301542606;Lauren;Mukadam;27;D;low
12301553000;Nomakhwezi;Komeni;40;D;avg
12301554327;Jessica;Ntongana;55;M;avg
12301556143;Sanveer;Goldswain;47;M;high
12301556424;Tanya;Daki;36;M;avg
12301558568;Ramontsheng;Hill;97;D;low
12301559081;atatiele;Van Eeden;37;W;avg
12301561377;Anele;Visser;44;M;avg
12301590706;Balakrishnen;Vallie;61;S;avg
12301605390;Larry;Mukosi;44;W;low
12301607012;Jan Gustav;Ord;19;S;low
12301622207;Nicolene;Legrand;87;M;low
12301623774;Wafiqah;Bangisi;28;M;low
12301627406;Thembeka;Chagwe;34;D;high
12301636674;Kristina;Mwanda;44;M;avg
12301640738;Kirsten;Mzezewa;93;M;low
12301640830;Jason;Omar;76;M;avg
12301642579;Nirvash;Le Roux;77;W;avg
12301647638;Sinazo;Du Toit;44;D;high
12301648060;Simphiwe;Duncan;54;M;avg
12301649385;Phumelele;Ikosa;44;M;avg
12301662802;Jared;Oosthuizen;35;M;avg
12301672694;Gregory;Qumba;24;W;low
12301753285;Jason;Obame Mbeng;70;D;avg
12301820735;Emmanuel;Roberts;43;M;high
12301931093;Kirsty;Mwiinga;59;W;avg
12301942306;Bridgette;Thompson;94;M;low
12301964159;Ndahambelela;Luthuli;80;M;avg
12301972362;Malwande;Modise;72;S;avg
12302144164;Thembeka;Chambati;14;S;low
12302188757;Nadia;Mafu;18;S;low
12302289759;Dansheela;Sheth;25;M;low
12302323999;Stefan;Dell;57;M;avg
12302390296;Lance;Munshi;26;M;low
12302488965;Ben;Udoha;78;M;avg
12302507586;Steven;De Villiers;44;S;high
12302514389;Zina;Abed;41;D;avg
12302527938;Megan;Mccomans;87;S;low
12302597233;Michael;Mavuso;71;M;high
12302597602;Bhavana;Tyeya;44;S;avg
12302666383;Tendani;Clemence;22;D;low
12302676705;Simphiwe;Duma;87;S;low
12302910706;Dewald;Scheepers;78;M;high
12302925467;Ntwanano;Kassier;74;M;avg
12302991201;Donald;Sampson;91;M;low
12303117478;Mdumiseni;Mceleni;97;M;low
12303251055;Siyabonga;Dlamini;44;D;avg
12303366236;Michel;Mavimbela;92;M;low
12303441239;Sideeqa;Esau Takadi;89;M;low
12303488916;Motlalepule;Manqele;27;M;low
12303674711;Tiisetso;Burger;43;M;avg
12303715981;Vukile;Barbosa;36;D;high
12303745400;Nomhle;Kobuoe;92;S;low
12303819590;Relebohile;Hefer;63;D;avg
12303831053;Celia;Sorefan;44;S;avg
12303865999;Mxolisi;Maharaj;89;S;low
12303997922;Sarvesh;Gerber;67;M;avg
12304042361;Mutlhuweni;Makgoba;53;D;avg
12304083533;Phila;Ismail;73;M;high
12304131381;Myra;Maharaj;23;W;low
12304143158;Paul;Jamile;85;M;avg
12304225012;Megan;Mcarthur;67;S;avg
12304258755;Caron;Stein;44;S;low
12304313819;Michelle;Maud;72;D;avg
12304327036;Aaqielah;Zulu;95;M;low
12304345964;Mickayla;Matyobeni;50;M;high
12304348141;Malose;Mofilikoane;46;S;high
12304353321;Esnath;Redelinghuys;75;M;avg
12304372165;Nonhlelo;Kibirige;17;S;low
12304374716;Aadillah;Zulu;85;M;avg
12304375483;James;Pagel;66;M;avg
12304375641;Bruce;Theron;31;S;high
12304376299;Luleka;Molefe;51;W;high
12304382029;Abdur;Ziqubu;20;S;low
12304388263;Caitlin;Swartbooi;44;M;low
12304405661;Jason;O' Rhine;78;D;avg
12304416484;Hilda;Pinto;51;S;avg
12304420488;Nicholas;Levenson;78;S;high
12304421292;Nichole;Letsekha;44;D;avg
12304427220;Musa;Makhanya;35;D;high
12304436912;Michelle;Matyobeni;87;D;low
12304437387;Claire;Sithole;41;S;avg
12304438104;Vela;Bekker;56;M;high
12304439250;Sindiswa;Du Preez;82;D;high
12304440399;Tshepo;Boshoff;74;D;avg
12304444352;Romaana;Gwala;30;S;low
12304446282;Mcoshwa;Mcelhenny;44;M;avg
12304471353;Mogamet;Masekoa;79;M;avg
12304484365;Mohammed;Martin;37;D;high
12304484438;Kamogelo;Ngakane;55;W;avg
12304490840;Julia;Ngwazi;47;W;avg
12304494963;Frances;Rasekgala;44;S;low
12304502055;Vuyani;Banoobhai;61;M;avg
12304521152;Kimera;Nagdee;34;M;avg
12304534754;Hannu;Pregnolato;43;S;avg
12304548521;Mongezi;Maredi;91;M;low
12304549838;Mohammed;Martin;67;D;avg
12304561865;Rotondwa;Gumede;75;M;avg
12304562442;Zikhona;Abrahams;82;D;avg
12304570398;Machabane;Mohlala;52;W;high
12304577076;Twahafifwa;Bing;88;M;low
12304586365;Hilda;Piperidis;76;M;avg
12304600442;Renier;Heany;54;M;avg
12304615426;Noble;Lambert;30;D;low
12304616173;Siboniso;Fatti;34;S;avg
12304619302;Nazli;Lwabona;50;M;avg
12304638044;Sandisiwe;Goolam Mahomed;48;D;avg
12304642210;Abdul-Azeez;Zondi;90;D;low
12307525176;Jemimah;Nzima;69;M;avg
12307527827;Nikita;Lee;83;M;avg
12307528677;Sadia;Green;63;M;avg
12307542435;Chanelle;Sookmanee;22;D;low
12307547540;Thembile;Cele;64;M;avg
12307563638;Erick;Rickard;44;D;avg
12307573923;Joanne;Nomlala;57;M;avg
12307575918;Matthew;Mee;67;S;high
12307577302;Georgina;Ramnarayan;99;S;low
12307599074;Justin;Ngcobo;43;M;avg
12307606055;Emma;Roets;44;M;high
12307624907;Robyn;Hadebe;44;S;avg
12307625381;Dominique;Samuels;27;M;low
12307631424;Lakin;Munyai;41;M;avg
12307632501;Michele;Mavimbela;50;S;avg
12307638048;Daryl;Shasha;44;M;high
12307638614;Sashreka;Gengiah;93;M;low
12307641515;Lethumusa;Mphou;42;M;high
12307643041;Shamolia;Fox;45;W;avg
12307643185;Mishkah;Masola;44;M;low
12307649742;Lyle;Mokgohlwa;84;M;avg
12307652092;Lethabo;Mpshe;20;S;low
12307668898;Masixole;Michael;25;S;low
12307669024;Rowan;Gumede;17;S;low
12307671885;Wesley;Baloyi;63;W;high
12307676480;Nobenathi;Lang;76;W;high
12307686450;Kyle;Musandiwa;66;D;avg
12307693990;Thandeka;Chibaya;69;M;avg
12307711793;Mabuse;Mohy-ud-din;60;S;avg
12307717673;Tomas;Brock;44;D;high
12307717845;Lucky;Monethi;53;M;avg
12307722598;Jarryd;Omar;37;M;avg
12307723035;Mateo;Mhlanga;54;D;avg
12307733710;Caitlin;Swarts;67;D;avg
12307743549;Sinalo;Duggan-jones;67;W;avg
12307745071;Phethang;Isseljee;59;M;avg
12307747916;Cyzane;Shozi;74;D;avg
12307749636;Nikita;Lee;84;M;avg
12307754417;Naasiha;Magubane;71;D;avg
12307759293;Kai-chih;Ngcobo;75;S;avg
12307775871;Simon;Dzivhani;72;D;avg
12307776071;Reitumetse;Hellyer;44;S;avg
12307776858;Joel;Nodder;76;S;avg
12307794568;Yolanda;Anderson;16;S;low
12307798242;Nomfusi;Kobus;93;M;low
12307802102;Katharine;Ndlovu;63;S;avg
12307811580;Noluyolo;Kotwal;32;W;high
12307811722;Nicole;Lepule;85;D;avg
12307824212;Sanele;Goniwe;98;M;low
12307824439;Komape;Mwangobola;42;D;avg
12307834040;Nicholas;Leukes;44;W;avg
12307858275;Mishaal;Mathe;97;D;low
12307865903;Mvuyo;Majola;42;M;avg
12307881218;Kailey;Ngcobo;43;S;high
12307883012;Tinashe;Bulo;37;M;avg
12307888280;Lara;Mukulu;65;S;high
12307888564;Jade;Park;38;W;avg
12307898045;Karen;Ndlovu;15;S;low
12307898216;Erastus;Riet;17;S;low
12307907247;Ross;Gumede;44;D;low
12307908601;Raeesa;Hlayisi;44;M;low
12307910355;Thomas;Campbell;88;M;low
12307913678;Nomzamo;Kim;52;M;high
12307920557;Elmari;Ross;72;S;avg
12307926087;Sintu;Dramat;30;S;low
12307926139;Langa;Munsami;44;M;avg
12307936395;Kim;Naicker;47;D;avg
12307943294;Tracy;Brey;44;M;high
12307953438;Jessica;Ntuli;42;D;high
12307977939;Richmond;Harkoo;56;D;avg
12308307044;Zahra;Africa;44;D;low
12308313518;Nasreen;Mabusela;38;M;avg
12308465775;Kwena;Mushabe;80;W;avg
